-------------------------------------------------------------1NF----------------------------------------------------------------
CREATE TABLE USERPERSONAL_1NF
(
USERID VARCHAR(30),
U_EMAIL VARCHAR(30),
FNAME VARCHAR(30),
LNAME VARCHAR(30),
CITY VARCHAR(30),
STATE VARCHAR(30),
ZIP NUMBER(30)
);

INSERT INTO USERPERSONAL_1NF(USERID,U_EMAIL,FNAME,LNAME,CITY,STATE,ZIP)
VALUES('MA12','alex@ymail.com','alex','jones','houston','texas','75001');
INSERT INTO USERPERSONAL_1NF(USERID,U_EMAIL,FNAME,LNAME,CITY,STATE,ZIP)
VALUES('PO45','emma.john@gmail.com','emma','stone','albany','new work','10008');
INSERT INTO USERPERSONAL_1NF(USERID,U_EMAIL,FNAME,LNAME,CITY,STATE,ZIP)
VALUES('LA33','victoria@yahoo.com','victoria','aurora','istanbul','turkey','34000');
INSERT INTO USERPERSONAL_1NF(USERID,U_EMAIL,FNAME,LNAME,CITY,STATE,ZIP)
VALUES('CH99','joe.1997@hotmailmail.com','joe','johnson','los angeles','california','90201');
INSERT INTO USERPERSONAL_1NF(USERID,U_EMAIL,FNAME,LNAME,CITY,STATE,ZIP)
VALUES('DA74','dlany01@live.com','dany','william','miami','florida','32006');

SELECT * FROM USERPERSONAL_1NF;
---------------------------------------------------------------2NF--------------------------------------------------------------

CREATE TABLE USERPERSONEL_2NF1
(
USERID VARCHAR(30),
U_EMAIL VARCHAR(30),
CONSTRAINT PK_USERID PRIMARY KEY (USERID)
);

INSERT INTO USERPERSONEL_2NF1(USERID,U_EMAIL)
VALUES('MA12','alex@ymail.com');
INSERT INTO USERPERSONEL_2NF1(USERID,U_EMAIL)
VALUES('PO45','emma.john@gmail.com');
INSERT INTO USERPERSONEL_2NF1(USERID,U_EMAIL)
VALUES('LA33','victoria@yahoo.com');
INSERT INTO USERPERSONEL_2NF1(USERID,U_EMAIL)
VALUES('CH99','joe.1997@hotmailmail.com');
INSERT INTO USERPERSONEL_2NF1(USERID,U_EMAIL)
VALUES('DA74','dlany01@live.com');

SELECT * FROM USERPERSONEL_2NF1;

CREATE TABLE USERPERSONEL_2NF2
(
USERID VARCHAR(30),
FNAME VARCHAR(30),
LNAME VARCHAR(30),
CONSTRAINT FK_USERID FOREIGN KEY (USERID) REFERENCES USERPERSONEL_2NF1(USERID)
);

INSERT INTO USERPERSONEL_2NF2(USERID,FNAME,LNAME)
VALUES('MA12','alex','jones');
INSERT INTO USERPERSONEL_2NF2(USERID,FNAME,LNAME)
VALUES('PO45','emma','stone');
INSERT INTO USERPERSONEL_2NF2(USERID,FNAME,LNAME)
VALUES('LA33','victoria','aurora');
INSERT INTO USERPERSONEL_2NF2(USERID,FNAME,LNAME)
VALUES('CH99','joe','johnson');
INSERT INTO USERPERSONEL_2NF2(USERID,FNAME,LNAME)
VALUES('DA74','dany','william');

SELECT * FROM USERPERSONEL_2NF2;

-------------------------------------------------------------3NF----------------------------------------------------------------

CREATE TABLE USERPERSONEL_2NF3
(
ZIP NUMBER(30) PRIMARY KEY,
CITY VARCHAR(30),
STATE VARCHAR(30)
);

INSERT INTO USERPERSONEL_2NF3(ZIP,CITY,STATE)
VALUES('75001','houston','texas');
INSERT INTO USERPERSONEL_2NF3(ZIP,CITY,STATE)
VALUES('10008','albany','new work');
INSERT INTO USERPERSONEL_2NF3(ZIP,CITY,STATE)
VALUES('34000','istanbul','turkey');
INSERT INTO USERPERSONEL_2NF3(ZIP,CITY,STATE)
VALUES('90201','los angeles','california');
INSERT INTO USERPERSONEL_2NF3(ZIP,CITY,STATE)
VALUES('32006','miami','florida');

SELECT * FROM USERPERSONEL_2NF3;
